0,justadudewhohacks/face-api.js
1,vipstone/faceai
2,pandao/editor.md
3,chrisvfritz/prerender-spa-plugin
4,vuejs/vue
5,StevenBlack/hosts
6,InsertKoinIO/koin
7,bailicangdu/vue2-manage
8,valyala/fasthttp
9,alexpate/awesome-design-systems
10,japaric/libm
11,syncthing/syncthing
12,jxnblk/styled-system
13,usefathom/fathom
14,xiaoyanbin/H5
15,Hack-with-Github/Awesome-Hacking
16,beyondcode/laravel-view-xray
17,plibither8/markdown-new-tab
18,JedWatson/react-select
19,motdotla/dotenv
20,ssstk/findcl
21,techbanca/coinai
22,facebook/immutable-js
23,jwasham/coding-interview-university
24,GitbookIO/gitbook
25,getActivity/XXPermissions
26,enaqx/awesome-react
27,llSourcell/Machine-Learning-API-Tutorial
28,bazelbuild/bazel
29,oblador/react-native-vector-icons
30,ramda/ramda
31,Molunerfinn/PicGo
32,awslabs/aws-sam-cli
33,yu199195/hmily
34,GoogleChrome/lighthouse
35,vaneenige/phenomenon
36,Adubbz/Tinfoil
37,sweetalert2/sweetalert2
38,jaredpalmer/razzle
39,apinIron/EasyChart
40,pallets/flask
41,algorhythms/Algo-Quicksheet
42,matterport/Mask_RCNN
43,react-dnd/react-dnd
44,yarnpkg/yarn
45,bvaughn/react-window
46,typicode/json-server
47,shuzheng/zheng
48,flutter/flutter
49,realpython/python-guide
50,Chakazul/Lenia
51,MatrixAINetwork/MatrixAIPOC_GO
52,erusev/parsedown
53,hackstoic/golang-open-source-projects
54,checkcheckzz/system-design-interview
55,skylot/jadx
56,hakimel/reveal.js
57,apache/incubator-airflow
58,pedronauck/docz
59,wg/wrk
60,toddmotto/public-apis
61,hasherezade/dll_to_exe
62,LCsion/huaji
63,hashicorp/terraform
64,SeleniumHQ/selenium
65,astorfi/Deep-Learning-NLP
66,GeekyAnts/NativeBase
67,OpenZeppelin/openzeppelin-solidity
68,tensorflow/tensorflow
69,soumith/ganhacks
70,spf13/cobra
71,opsnull/follow-me-install-kubernetes-cluster
72,wesbos/JavaScript30
73,MithrilJS/mithril.js
74,coreos/etcd
75,CMU-Perceptual-Computing-Lab/openpose
76,ethereum/web3.js
77,s-matyukevich/raspberry-pi-os
78,alvarotrigo/fullPage.js
79,shadowsocks/shadowsocks
80,fengdu78/deeplearning_ai_books
81,Exrick/xmall
82,Microsoft/TypeScript-React-Starter
83,powerline/fonts
84,wiredjs/wired-elements
85,commaai/openpilot
86,davideuler/architecture.of.internet-product
87,php-fig/simple-cache
88,supasate/connected-react-router
89,SpiderClub/weibospider
90,josephyzhou/Wonging
91,brix/crypto-js
92,spring-projects/spring-framework
93,styled-components/styled-components
94,Genymobile/scrcpy
95,kelseyhightower/nocode
96,maebert/jrnl
97,mbadolato/iTerm2-Color-Schemes
98,alibaba/nacos
99,1millionwomentotech/toolkitten
100,tldr-pages/tldr
101,sindresorhus/awesome-electron
102,xiaqunfeng/machine-learning-yearning
103,googlesamples/android-sunflower
104,wbenny/ia32-doc
105,jenly1314/WanAndroid
106,date-fns/date-fns
107,JeffLi1993/springboot-learning-example
108,topjohnwu/Magisk
109,area17/twill
110,fastpack/fastpack
111,b3log/symphony
112,fuchsia-mirror/zircon
113,vuejs/vuex
114,jobbole/awesome-python-cn
115,icindy/wxParse
116,pmusolino/Wormholy
117,Bilibili/ijkplayer
118,soorajb/loc2country
119,facebook/Sonar
120,snibox/snibox
121,resumejob/awesome-resume
122,cypress-io/cypress
123,acgotaku/BaiduExporter
124,GoogleContainerTools/distroless
125,apple/swift
126,vipshop/vjtools
127,golang-standards/project-layout
128,dotnet/corefx
129,apache/incubator-superset
130,IndicoDataSolutions/finetune
131,fengdu78/Coursera-ML-AndrewNg-Notes
132,jakubroztocil/httpie
133,hankchizljaw/boilerform
134,niklasvh/html2canvas
135,aosabook/500lines
136,ustbhuangyi/vue-analysis
137,bhilburn/powerlevel9k
138,google/data-transfer-project
139,AcceptedDoge/machine-learning-yearning-cn
140,typeorm/typeorm
141,prakhar1989/awesome-courses
142,alibaba/fastjson
143,Foundry376/Mailspring
144,parcel-bundler/parcel
145,scipy/scipy
146,jeromeetienne/AR.js
147,pyn3rd/CVE-2018-2893
148,muwoo/vnode2canvas
149,chentsulin/electron-react-boilerplate
150,kamranahmedse/developer-roadmap
151,Kickball/awesome-selfhosted
152,josephyzhou/github-trending
153,trimstray/htrace.sh
154,zeit/pkg
155,minio/minio
156,alebcay/awesome-shell
157,app-developers/top
158,alsotang/node-lessons
159,xeipuuv/gojsonschema
160,ZuzooVn/machine-learning-for-software-engineers
161,FortAwesome/Font-Awesome
162,meituan/EasyReact
163,minotaura/ru-web-developer-security-checklist
164,markerikson/react-redux-links
165,sfsheng0322/FirUpdater
166,ageitgey/face_recognition
167,scrapy/scrapy
168,wasabeef/awesome-android-ui
169,allenai/allennlp
170,Tayx94/graphy
171,verdaccio/verdaccio
172,facebook/create-react-app
173,alipay/sofa-mosn
174,swoole/swoole-src
175,luckybilly/CC
176,pnpm/pnpm
177,threerocks/studyFiles
178,jakevdp/PythonDataScienceHandbook
179,nsc/SwiftTLS
180,nodejs/node
181,vuetifyjs/vuetify
182,hapijs/joi
183,JiounDai/Bluedroid
184,serhii-londar/open-source-mac-os-apps
185,square/retrofit
186,retejs/rete
187,google/material-design-icons
188,SherlockGougou/BigImageViewPager
189,Tencent/weui-wxss
190,Wox-launcher/Wox
191,Microsoft/vscode
192,yangshun/front-end-interview-handbook
193,github/fetch
194,google/gvisor
195,hankcs/HanLP
196,Semantic-Org/Semantic-UI
197,chenglou/react-motion
198,symfony/css-selector
199,apachecn/organization
200,ramhejazi/draxt
201,hyperledger/fabric
202,beyondcode/laravel-er-diagram-generator
203,sqlmapproject/sqlmap
204,Jinxiansen/SwiftServerSide-Vapor
205,scikit-learn/scikit-learn
206,tailwindcss/tailwindcss
207,mathiasbynens/dotfiles
208,wannabeOG/Mask-RCNN
209,iview/iview-admin
210,datasciencemasters/go
211,pjreddie/darknet
212,alidcastano/rogue.js
213,opencv/cvat
214,vuejs/vue-cli
215,mattboldt/typed.js
216,kubernetes/kubernetes
217,ethereum/go-ethereum
218,nolimits4web/swiper
219,airbnb/lottie-android
220,chiphuyen/stanford-tensorflow-tutorials
221,avelino/awesome-go
222,unseim/WYIDCardOCR
223,prismagraphql/prisma
224,iluwatar/java-design-patterns
225,databricks/mlflow
226,toml-lang/toml
227,fffaraz/awesome-cpp
228,NerdyPepper/taizen
229,spring-projects/spring-boot
230,weizongwei5/AndroidScreenShot_SysApi
231,resin-io/etcher
232,fastai/fastai
233,airyland/vux
234,learn-vuejs/vue-patterns
235,daneden/animate.css
236,react-boilerplate/react-boilerplate
237,chubin/cheat.sh
238,getsentry/sentry
239,mimecorg/vuido
240,yuzu-emu/yuzu
241,godotengine/godot
242,mobxjs/mobx
243,quantumlib/Cirq
244,CERTCC/keyfinder
245,tuvtran/project-based-learning
246,alibaba/p3c
247,cuducos/twitter-cleanup
248,volatiletech/sqlboiler
249,donnemartin/data-science-ipython-notebooks
250,torvalds/linux
251,vim/vim
252,alibaba/velocity-spring-boot-project
253,webtorrent/webtorrent
254,getlantern/lantern
255,ethanhuang13/ladybug
256,Microsoft/TextWorld
257,facebook/fresco
258,alipay/sofa-boot
259,kozhevnikov/proxymise
260,JakeWharton/butterknife
261,sahat/hackathon-starter
262,infinitered/ignite
263,insidegui/Sharecuts
264,symfony/http-foundation
265,zxing/zxing
266,JuliaLang/julia
267,avajs/ava
268,ant-design/ant-design-pro
269,github/gitignore
270,Microsoft/CNTK
271,ocornut/imgui
272,markedjs/marked
273,ryanmcdermott/clean-code-javascript
274,terryum/awesome-deep-learning-papers
275,infinitered/reactotron
276,google/dagger
277,kdeldycke/awesome-falsehood
278,metabase/metabase
279,ccxt/ccxt
280,zeit/next.js
281,google/styleguide
282,kstenerud/bo
283,tzutalin/labelImg
284,facebook/react
285,Unity-Technologies/ml-agents
286,sqlitebrowser/sqlitebrowser
287,lukeed/kleur
288,uber/horovod
289,mqyqingfeng/Blog
290,reclarejs/reclare
291,Automattic/mongoose
292,weizongwei5/AESJniEncrypt
293,remy/nodemon
294,whataa/pandora
295,airbnb/lottie-web
296,sulco/angular-developer-roadmap
297,Meituan-Dianping/mpvue
298,go-gitea/gitea
299,hwdsl2/setup-ipsec-vpn
300,rstacruz/nprogress
301,codemirror/CodeMirror
302,tiann/epic
303,composer/composer
304,googlecreativelab/quickdraw-dataset
305,pytorch/pytorch
306,fiji-flo/x1carbon2018s3
307,octokit/octokit.net
308,VincentGarreau/particles.js
309,alexmojaki/sorcery
310,husaynhakeem/android-face-detector
311,pingcap/tidb
312,lpereira/lwan
313,apache/incubator-mxnet
314,codecentric/spring-boot-admin
315,domoticz/domoticz
316,js-cookie/js-cookie
317,mui-org/material-ui
318,IanLunn/Hover
319,Jannchie/Historical-ranking-data-visualization-based-on-d3.js
320,moment/moment
321,adam-golab/react-developer-roadmap
322,hardikvasa/google-images-download
323,portainer/portainer
324,tc39/proposals
325,videojs/video.js
326,yangshun/tech-interview-handbook
327,golang/dep
328,forezp/SpringCloudLearning
329,s0md3v/Photon
330,danielmiessler/SecLists
331,FreeCodeCampChina/freecodecamp.cn
332,YMFE/yapi
333,AtsushiSakai/PythonRobotics
334,PowerShell/PowerShell
335,davisking/dlib
336,mweststrate/immer
337,ngosang/trackerslist
338,winterbe/java8-tutorial
339,sindresorhus/refined-github
340,BoostIO/Boostnote
341,NervJS/taro
342,Tencent/vConsole
343,ansible/ansible-jupyter-kernel
344,alibaba/druid
345,dotnet-architecture/eShopOnContainers
346,Reisyukaku/ReiNX
347,iamkun/dayjs
348,kamranahmedse/design-patterns-for-humans
349,Unknwon/the-way-to-go_ZH_CN
350,AmplifyCreations/AmplifyMotion
351,tensorflow/tfjs
352,Alvin9999/new-pac
353,Rodenastyle/stream-parser
354,nabla-containers/runnc
355,alipay/sofa-mesh
356,grafana/grafana
357,amirzaidi/Launcher3
358,Tencent/weui
359,browsh-org/browsh
360,gulpjs/gulp
361,facebook/draft-js
362,josephyzhou/node-ethereum
363,legomushroom/mojs
364,miloyip/game-programmer
365,zeit/hyper
366,FFmpeg/FFmpeg
367,rg3/youtube-dl
368,Microsoft/TypeScript
369,keon/algorithms
370,Jack-Cherish/python-spider
371,graphql/graphql-js
372,astaxie/beego
373,emotion-js/emotion
374,beyondcode/laravel-query-detector
375,dcloudio/mui
376,semantic-release/semantic-release
377,react-native-training/react-native-elements
378,ElemeFE/element
379,webkul/coolhue
380,symfony/console
381,ianstormtaylor/slate
382,hasura/graphql-engine
383,tonerdo/coverlet
384,brain-research/acai
385,Alamofire/Alamofire
386,electron/electron
387,janishar/mit-deep-learning-book-pdf
388,kamyu104/LeetCode
389,adam-p/markdown-here
390,Seldaek/monolog
391,actix/actix-web
392,balderdashy/sails
393,php-fig/log
394,Broadroad/gpool
395,KieSun/InterviewMap
396,zorlan/skycaiji
397,rancher/rancher
398,ray-project/ray
399,jupyter/jupyter
400,symfony/event-dispatcher
401,vuejs/vuepress
402,GTFOBins/GTFOBins.github.io
403,apachecn/MachineLearning
404,krzysztofzablocki/LifetimeTracker
405,pyenv/pyenv
406,opticdev/optic
407,anggrayudi/android-hidden-api
408,anishathalye/gemini
409,facebook/jest
410,pathephone/pathephone-desktop
411,dylanaraps/neofetch
412,eaglewu/PHP-Interview-Best-Practices-in-China
413,raywenderlich/swift-algorithm-club
414,vmware/harbor
415,discourse/discourse
416,MatrixAINetwork/WhitePaper
417,HpWens/MeiWidgetView
418,necolas/normalize.css
419,chubin/wttr.in
420,isocpp/CppCoreGuidelines
421,rtr7/router7
422,acdlite/recompose
423,digoal/blog
424,thephpleague/flysystem
425,keras-team/keras
426,i0natan/nodebestpractices
427,Pierian-Data/Complete-Python-3-Bootcamp
428,plugine/wei
429,ionic-team/ionic
430,google/flexbox-layout
431,thedaviddias/Front-End-Performance-Checklist
432,ryanhanwu/How-To-Ask-Questions-The-Smart-Way
433,danmacnish/cartoonify
434,photonstorm/phaser
435,google/guava
436,cmderdev/cmder
437,tensorflow/magenta
438,yongyuandouneng/YNPageViewController
439,v2ray/v2ray-core
440,aspnet/Blazor
441,pytorch/examples
442,zhihu/Matisse
443,thedaviddias/Front-End-Checklist
444,HanXiaoyang/CTR_NN
445,alibaba/ice
446,vinta/awesome-python
447,iissnan/hexo-theme-next
448,mybatis/mybatis-3
449,shadowsocks/shadowsocks-windows
450,dbeaver/dbeaver
451,pi-hole/pi-hole
452,UCodeUStory/S-MVP
453,domnikl/DesignPatternsPHP
454,jvalen/pixel-art-react
455,michalsnik/aos
456,jwilder/nginx-proxy
457,nsqio/nsq
458,jinzhu/gorm
459,bailicangdu/vue2-elm
460,styleguidist/react-styleguidist
461,Solido/awesome-flutter
462,eugenp/tutorials
463,InterviewMap/InterviewMap
464,ory/oathkeeper
465,spatie/laravel-event-projector
466,react-navigation/react-navigation
467,openssl/openssl
468,bitcoin/bitcoin
469,SBoudrias/Inquirer.js
470,jaywcjlove/awesome-mac
471,nvbn/thefuck
472,limuyang2/LDialog
473,FiloSottile/mkcert
474,umurgdk/ddnotes
475,sindresorhus/awesome
476,facebookresearch/fastText
477,beyondcode/laravel-xray
478,SortableJS/Vue.Draggable
479,golang/go
480,Kujiale-Mobile/Painter
481,lhc70000/iina
482,grpc/grpc
483,v8/v8
484,cyclejs/react
485,android-in-china/Compatibility
486,auth0/node-jsonwebtoken
487,knightsj/awesome-algorithm-question-solution
488,SheetJS/js-xlsx
489,vue-bulma/vue-admin
490,doctrine/instantiator
491,umijs/umi-hd
492,plotly/dash
493,oncebot/pushbar.js
494,nikic/PHP-Parser
495,w0rp/ale
496,tesseract-ocr/tesseract
497,webpack/webpack
498,facebookresearch/faiss
499,socketio/socket.io
500,gin-gonic/gin
501,coolstar/electra1131
502,apachecn/kaggle
503,obsproject/obs-studio
504,opendigg/awesome-github-wechat-weapp
505,yanirs/established-remote
506,zhaoweicai/cascade-rcnn
507,spatie/laravel-query-builder
508,loopeer/CardStackView
509,doctrine/event-manager
510,home-assistant/home-assistant
511,jtoy/awesome-tensorflow
512,pandas-dev/pandas
513,unseim/WYNetWork
514,laravel/framework
515,peterburk/pagefish
516,googlesamples/android-architecture-components
517,thx/RAP
518,ReactiveX/RxSwift
519,flutterchina/dio
520,liftbridge-io/liftbridge
521,h5bp/Front-end-Developer-Interview-Questions
522,apache/spark
523,open-guides/og-aws
524,tabler/tabler
525,nodejs/docker-node
526,crystal-lang/crystal
527,kataras/iris
528,alibaba/ARouter
529,netty/netty
530,cheeriojs/cheerio
531,atlassian/react-beautiful-dnd
532,Microsoft/join-dev-design
533,neovim/neovim
534,sirupsen/logrus
535,kdn251/interviews
536,tsenart/vegeta
537,naver/pinpoint
538,sourcerer-io/sourcerer-app
539,reduxjs/reselect
540,tonsky/FiraCode
541,encode/django-rest-framework
542,facebook/Docusaurus
543,beyondcode/laravel-dump-server
544,pantsel/konga
545,AssemblyScript/assemblyscript
546,jumpserver/jumpserver
547,commitizen/cz-cli
548,chriso/validator.js
549,dennisreimann/uiengine
550,benweet/stackedit
551,istio/istio
552,gohugoio/hugo
553,sequelize/sequelize
554,llSourcell/Reinforcement_Learning_for_Stock_Prediction
555,elastic/elasticsearch
556,winstonjs/winston
557,dotnet/machinelearning
558,jlevy/the-art-of-command-line
559,jquery/jquery
560,z-pattern-matching/z
561,cosmos72/gomacro
562,robbyrussell/oh-my-zsh
563,sebastianruder/NLP-progress
564,airbnb/lottie-ios
565,webpack-contrib/webpack-serve
566,gogs/gogs
567,airbnb/hypernova
568,explosion/spaCy
569,juliangarnier/anime
570,struct/mms
571,jaredpalmer/formik
572,odeskconf/guide
573,uglide/RedisDesktopManager
574,ruanyf/es6tutorial
575,nestjs/nest
576,gothinkster/realworld
577,dylanbeattie/rockstar
578,MicrosoftArchive/redis
579,segmentio/evergreen
580,flickr/justified-layout
581,bytedance/xgplayer
582,cipchk/ng-alain
583,MQZHot/ZLaunchAd
584,MatrixAINetwork/Diary
585,Tencent/bk-cmdb
586,pypa/pipenv
587,requests/requests
588,vsouza/awesome-ios
589,drone/drone
590,swiftmailer/swiftmailer
591,OWASP/owasp-mstg
592,grpc/grpc-go
593,TKkk-iOSer/WeChatPlugin-MacOS
594,Microsoft/MMdnn
595,trekhleb/javascript-algorithms
596,youzan/zanui-weapp
597,rust-lang/rust
598,Bilibili/flv.js
599,fatedier/frp
600,trufflesuite/truffle
601,nock/nock
602,ReactiveX/rxjs
603,fede87/StatusBarAlert
604,forthealllight/blog
605,nhnent/tui.grid
606,airbnb/enzyme
607,tensorflow/models
608,openzipkin/zipkin
609,ageron/handson-ml
610,ethereum/wiki
611,reduxjs/react-redux
612,SangKa/react-roadmap
613,tensorflow/tensor2tensor
614,axios/axios
615,akullpp/awesome-java
616,rootzoll/raspiblitz
617,leecade/react-native-swiper
618,sw-yx/react-typescript-cheatsheet
619,danielgindi/Charts
620,Neilpang/acme.sh
621,strapi/strapi
622,reactstrap/reactstrap
623,onivim/oni
624,aria2/aria2
625,HackSoul/zhihu-flutter
626,rapid7/metasploit-framework
627,necolas/react-native-web
628,hunterlong/statup
629,ElemeFE/mint-ui
630,kay-is/react-from-zero
631,aseprite/aseprite
632,freeCodeCamp/freeCodeCamp
633,ambv/black
634,onestraw/golb
635,rsuite/rsuite
636,bootstrap-vue/bootstrap-vue
637,lxx1991/VS-ReID
638,uupers/BiliSpider
639,outline/rich-markdown-editor
640,timarney/react-app-rewired
641,DesignRevision/shards-dashboard
642,doctrine/lexer
643,google/ExoPlayer
644,lodash/lodash
645,twbs/bootstrap
646,angular/angular-cli
647,koalaman/shellcheck
648,symfony/debug
649,iampawan/Flutter-UI-Kit
650,yeasy/docker_practice
651,phage-nz/ph0neutria
652,palantir/blueprint
653,jackfrued/Python-100-Days
654,lmcinnes/umap
655,tmux/tmux
656,ryanoasis/nerd-fonts
657,amiechen/stitches-template-generator
658,guoguibing/librec
659,hindupuravinash/the-gan-zoo
660,swagger-api/swagger-ui
661,knsv/mermaid
662,beyondcode/laravel-self-diagnosis
663,sorrycc/awesome-javascript
664,ziadoz/awesome-php
665,FelisCatus/SwitchyOmega
666,CarGuo/GSYVideoPlayer
667,z-song/laravel-admin
668,dyc87112/SpringBoot-Learning
669,bbfamily/abu
670,jinzhu/inflection
671,DrKLO/Telegram
672,thx/rap2-delos
673,DominicMaas/TimelineExtension
674,Blankj/AndroidUtilCode
675,quickbirdstudios/RxCoordinator
676,facebook/osquery
677,amitshekhariitbhu/Android-Debug-Database
678,lancifollia/tinygbt
679,syl20bnr/spacemacs
680,high-speed-downloader/high-speed-downloader
681,akveo/ngx-admin
682,numpy/numpy
683,OpenGenus/cosmos
684,captbaritone/webamp
685,allenai/acl2018-semantic-parsing-tutorial
686,gatsbyjs/gatsby
687,prettier/prettier
688,DefinitelyTyped/DefinitelyTyped
689,jxnblk/ok-mdx
690,JedWatson/classnames
691,openai/baselines
692,celery/celery
693,Homebrew/brew
694,desktop/desktop
695,BVLC/caffe
696,OlafenwaMoses/ImageAI
697,mtdvio/every-programmer-should-know
698,diegohaz/reakit
699,hyperapp/hyperapp
700,Microsoft/monaco-editor
701,gorhill/uBlock
702,XX-net/XX-Net
703,TalkingData/iview-weapp
704,ctripcorp/apollo
705,egulias/EmailValidator
706,SwifterSwift/SwifterSwift
707,scwang90/SmartRefreshLayout
708,material-components/material-components-web
709,gnif/LookingGlass
710,justjavac/free-programming-books-zh_CN
711,kennethreitz/requests-html
712,google/ffn
713,swisskyrepo/PayloadsAllTheThings
714,Kong/kong
715,bitcoinbook/bitcoinbook
716,jondot/awesome-react-native
717,netlify/netlify-cms
718,chentsulin/awesome-graphql
719,standard/standard
720,git/git
721,davecheney/httpstat
722,dylanaraps/pure-bash-bible
723,youzan/vant
724,Kotlin/anko
725,Unitech/pm2
726,php-fig/container
727,bumptech/glide
728,dracula/dracula-theme
729,iview/iview
730,google/compare_gan
731,yarolegovich/DiscreteScrollView
732,electron-userland/electron-builder
733,dennybritz/reinforcement-learning
734,pagehelper/Mybatis-PageHelper
735,bsycorp/kind
736,apache/kafka
737,Hacker0x01/hacker101
738,mint-lang/mint
739,RKX1209/nsemu
740,postcss/postcss
741,php/php-src
742,jlmakes/scrollreveal
743,wenguonideshou/zhuye_kim
744,ramsey/uuid
745,MatrixAINetwork/MATRIXAI
746,josephmisiti/awesome-machine-learning
747,chaozh/awesome-blockchain-cn
748,dmlc/xgboost
749,mholt/caddy
750,Kozea/WeasyPrint
751,yuanliangding/books
752,sindresorhus/gifski-app
753,CymChad/BaseRecyclerViewAdapterHelper
754,firehol/netdata
755,paularmstrong/normalizr
756,chrislgarry/Apollo-11
757,chartjs/Chart.js
758,BurntSushi/ripgrep
759,dvajs/dva
760,babel/babel
761,PanJiaChen/vueAdmin-template
762,bvaughn/react-virtualized
763,facebook/react-devtools
764,piskelapp/piskel
765,kubernetes-incubator/kubespray
766,tj/commander.js
767,facebook/graphql
768,nunomaduro/larastan
769,greenrobot/EventBus
770,codePrincess/ARStarter
771,trailofbits/algo
772,bansalkanav/python_notes
773,shadowsocksrr/shadowsocksr-android
774,haoel/leetcode
775,FezVrasta/popper.js
776,coreybutler/nvm-windows
777,openfaas/faas
778,reduxjs/redux-thunk
779,go-kit/kit
780,EbookFoundation/free-programming-books
781,sindresorhus/awesome-nodejs
782,donnemartin/interactive-coding-challenges
783,Snailclimb/Java-Guide
784,svg/svgo
785,aholachek/react-flip-toolkit
786,doitsujin/dxvk
787,DingMouRen/LayoutManagerGroup
788,ethereum/solidity
789,vuejs/awesome-vue
790,xingshaocheng/architect-awesome
791,alipay/sofa-rpc
792,0xd4d/dnSpy
793,mmp/pbrt-v3
794,typicode/husky
795,MrRio/jsPDF
796,react-community/lottie-react-native
797,f/vue-wait
798,teambit/bit
799,wjkang/3YAdmin
800,eamodio/vscode-gitlens
801,vondear/RxTool
802,guzzle/guzzle
803,geeeeeeeeek/electronic-wechat
804,MatrixAINetwork/MatrixAIPoC_PY
805,klauscfhq/signale
806,mozilla/pdf.js
807,jaegertracing/jaeger
808,PHPOffice/PhpSpreadsheet
809,slundberg/shap
810,redisson/redisson
811,google/protobuf
812,zuoxingdong/lagom
813,almasaeed2010/AdminLTE
814,request/request
815,jgm/pandoc
816,GoogleChrome/puppeteer
817,aweijnitz/recipe-el_fuego_viviente
818,bvaughn/react-flame-graph
819,didi/falcon-log-agent
820,sebastianbergmann/phpunit
821,fouber/blog
822,CrazyDudo/fvip
823,nbedos/termtosvg
824,kahun/awesome-sysadmin
825,phpstan/phpstan
826,ianstormtaylor/react-values
827,joshwcomeau/guppy
828,mohanson/daze
829,lukehoban/es6features
830,brillout/awesome-react-components
831,baomidou/mybatis-plus
832,awesomedata/awesome-public-datasets
833,kuckboy1994/mp_canvas_drawer
834,googlesamples/android-architecture
835,shadowsocks/ShadowsocksX-NG
836,nswbmw/N-blog
837,Chalarangelo/30-seconds-of-code
838,mkocabas/CoordConv-pytorch
839,Bigkoo/Android-PickerView
840,iikira/BaiduPCS-Go
841,vuejs/vue-devtools
842,twitter/ios-twitter-network-layer
843,justjavac/awesome-wechat-weapp
844,EastWorld/wechat-app-mall
845,CodeHubApp/CodeHub
846,GoogleChromeLabs/ndb
847,square/leakcanary
848,josdejong/mathjs
849,phpDocumentor/ReflectionCommon
850,Tencent/wepy
851,ApolloAuto/apollo
852,MoePlayer/DPlayer
853,donnemartin/system-design-primer
854,ApplikeySolutions/CosmoCalendar
855,moby/moby
856,Netflix-Skunkworks/diffy
857,tgriesser/knex
858,JetBrains/kotlin
859,xuxueli/xxl-job
860,viatsko/awesome-vscode
861,JPCERTCC/LogonTracer
862,storybooks/storybook
863,vuejs/vue-router
864,angular/angular.js
865,WVector/AppUpdate
866,vuejs-templates/webpack
867,ybq/Android-SpinKit
868,veggiemonk/awesome-docker
869,astuteo/slickmap
870,exacity/deeplearningbook-chinese
871,CyC2018/Interview-Notebook
872,Leaflet/Leaflet
873,ChrisRM/material-theme-jetbrains
874,h5bp/html5-boilerplate
875,piotrwitek/react-redux-typescript-guide
876,kitze/JSUI
877,bjut-hz/E-Books
878,google/leveldb
879,nicolargo/glances
880,MiYogurt/nodelover-maps
881,d3/d3
882,jupyter/repo2docker
883,zeit/micro
884,judasn/IntelliJ-IDEA-Tutorial
885,zalmoxisus/redux-devtools-extension
886,material-components/material-components-android
887,chai2010/advanced-go-programming-book
888,alibaba/Dragonfly
889,gfwlist/gfwlist
890,aisuhua/restful-api-design-references
891,square/okhttp
892,influxdata/influxdb
893,si9int/cc.py
894,developit/preact
895,Microsoft/sqlopsstudio
896,eggjs/egg
897,apache/incubator-echarts
898,tqdm/tqdm
899,bloomberg/foml
900,taizilongxu/interview_python
901,shadowsocks/shadowsocks-android
902,paypal/downshift
903,julienschmidt/httprouter
904,ansible/ansible
905,bannedbook/fanqiang
906,apollographql/apollo-server
907,tumregels/Network-Programming-with-Go
908,quantopian/qgrid
909,houshanren/hangzhou_house_knowledge
910,lihaoyi/requests-scala
911,mdbootstrap/bootstrap-material-design
912,Cryptogenic/Exploit-Writeups
913,kenwheeler/slick
914,zhongyang219/TrafficMonitor
915,iraycd/React-Redux-Styleguide
916,MatrixAINetwork/Tutorials
917,rails/rails
918,alibaba/canal
919,getlantern/download
920,envoyproxy/envoy
921,tpn/pdfs
922,pixijs/pixi.js
923,ossu/computer-science
924,hexojs/hexo
925,MaximAbramchuck/awesome-interview-questions
926,JacksonTian/fks
927,lord/slate
928,mixn/carbon-now-cli
929,manateelazycat/emacs-application-framework
930,jgraph/drawio
931,jgthms/bulma
932,apache/incubator-weex
933,ReactiveX/RxAndroid
934,kubernetes/kops
935,vibora-io/vibora
936,xitu/gold-miner
937,gaia-pipeline/gaia
938,zricethezav/gitleaks
939,nfl/react-helmet
940,TheAlgorithms/Python
941,MunGell/awesome-for-beginners
942,creationix/nvm
943,sveltejs/svelte
944,reduxjs/redux
945,alex/what-happens-when
946,dongjun-Lee/text-classification-models-tf
947,NativeScript/NativeScript
948,python/cpython
949,angular/material2
950,wix/react-native-navigation
951,channelcat/sanic
952,OAI/OpenAPI-Specification
953,faif/python-patterns
954,zenorocha/clipboard.js
955,websockets/ws
956,GoogleContainerTools/jib
957,aymericdamien/TensorFlow-Examples
958,LiuBoyu/blockchain
959,gpoitch/term-sheets
960,spritejs/spritejs
961,nfarina/homebridge
962,Microsoft/TypeScript-Node-Starter
963,facebook/react-native
964,RocketChat/Rocket.Chat
965,danistefanovic/build-your-own-x
966,mozilla/DeepSpeech
967,nuxt/nuxt.js
968,AudioKit/AudioKitSynthOne
969,papers-we-love/papers-we-love
970,kelseyhightower/kubernetes-the-hard-way
971,facebookresearch/Detectron
972,mourner/road-orientation-map
973,Netflix/Hystrix
974,jenkinsci/jenkins
975,getify/You-Dont-Know-JS
976,localForage/localForage
977,stripe/veneur
978,flowkey/UIKit-cross-platform
979,openai/glow
980,ustbhuangyi/better-scroll
981,davidsandberg/facenet
982,qwerty472123/wxappUnpacker
983,django/django
984,curl/curl
985,llSourcell/Bitcoin_Trading_Bot
986,LMescheder/GAN_stability
987,facebookresearch/DensePose
988,geekcompany/ResumeSample
989,wildbit/postmark-templates
990,crossoverJie/Java-Interview
991,DIYgod/RSSHub
992,Netflix/pollyjs
993,ant-design/ant-design
994,symfony/polyfill-ctype
995,googlehosts/hosts
996,BradLarson/GPUImage3
997,expressjs/express
998,spf13/viper
999,xiph/rav1e
1000,jwilm/alacritty
1001,udacity/deep-reinforcement-learning
1002,laravel/laravel
1003,LeCoupa/awesome-cheatsheets
1004,nozzle/react-static
1005,shadowsocksrr/shadowsocksr-csharp
1006,google/gson
1007,PanJiaChen/vue-element-admin
1008,apache/incubator-dubbo
1009,trimstray/awesome-ninja-admins
1010,ityouknow/spring-boot-examples
1011,floodsung/Deep-Learning-Papers-Reading-Roadmap
1012,insidegui/Milkshakr
1013,GetStream/Winds
1014,TheAlgorithms/Java
1015,karan/Projects
1016,sentsin/layui
1017,serverless/serverless
1018,qqwweee/keras-yolo3
1019,TommyLemon/APIJSON
1020,aws-amplify/amplify-js
1021,SimulatedGREG/electron-vue
1022,hnes/libaco
1023,oncebot/popbox.js
1024,fzaninotto/Faker
1025,timgrossmann/InstaPy
1026,uber/kepler.gl
1027,google/googletest
1028,geekcomputers/Python
1029,codepath/android_guides
1030,opencv/opencv
1031,CocoaDebug/CocoaDebug
1032,nathan/pax
1033,antirez/redis
1034,yunjey/pytorch-tutorial
1035,quilljs/quill
1036,mdx-js/mdx
1037,matteocrippa/awesome-swift
1038,berwin/Blog
1039,jiahaog/nativefier
1040,senorprogrammer/wtf
1041,airbnb/javascript
1042,binhnguyennus/awesome-scalability
1043,jhipster/generator-jhipster
1044,derekparker/delve
1045,helm/helm
1046,avwo/whistle
1047,Chocobozzz/PeerTube
1048,HeroTransitions/Hero
1049,localstack/localstack
1050,iamtrask/Grokking-Deep-Learning
1051,bmstefanski/xanax-core
1052,facebook/flow
1053,wtus/flutter_kaiyan
1054,Valloric/YouCompleteMe
1055,whiteinge/diffconflicts
1056,Blokatt/ProcessingStuff
1057,Puchaczov/Musoq
1058,PHLAK/Twine
1059,phobal/ivideo
1060,EOSIO/eos
1061,odoo/odoo
1062,salesforce/decaNLP
1063,nemasu/asmttpd
1064,android-hacker/VirtualXposed
1065,oracle/graal
1066,astaxie/build-web-application-with-golang
1067,surmon-china/vue-awesome-swiper
1068,proxyee-down-org/proxyee-down
1069,alcor/itty-bitty
1070,ReactiveX/RxJava
1071,littlecodersh/ItChat
1072,redux-saga/redux-saga
1073,jekyll/jekyll
1074,hwayne/awesome-cold-showers
1075,Dogfalo/materialize
1076,quark0/darts
1077,epoberezkin/ajv
1078,srigalibe/pynotes
1079,2881099/csredis
1080,memspace/zefyr
1081,Tencent/ncnn
1082,jobbole/awesome-java-cn
1083,mrdoob/three.js
1084,jdkato/prose
1085,ballerina-platform/ballerina-lang
1086,jamiebuilds/react-loadable
1087,npm/cli
1088,jerry-git/learn-python3
1089,amix/vimrc
1090,marktext/marktext
1091,rollup/rollup
1092,containous/traefik
1093,mnmxmx/halftone-effect
1094,HJ-Money/MTransition
1095,fastlane/fastlane
1096,open-android/Android
1097,quantumlib/OpenFermion-Cirq
1098,yahoo/react-intl
1099,openai/gym
1100,oldj/SwitchHosts
1101,labstack/echo
1102,ry/deno
1103,jikexueyuanwiki/tensorflow-zh
1104,apollographql/apollo-client
1105,dawnlabs/carbon
1106,junegunn/vim-plug
1107,RaRe-Technologies/gensim
1108,rabbitstack/rabbitc
1109,mercyblitz/jsr
1110,jasperapp/jasper
1111,prometheus/prometheus
1112,geeeeeeeeek/git-recipes
1113,wix/stylable
1114,XiaoMi/mace
1115,hashicorp/consul
1116,Hvass-Labs/TensorFlow-Tutorials
1117,rt2zz/redux-persist
1118,aframevr/aframe
1119,nlohmann/json
1120,CompuIves/codesandbox-client
1121,aalansehaiyang/technology-talk
1122,react-community/create-react-native-app
1123,lerna/lerna
1124,doctrine/inflector
1125,stackshareio/graphql-cache
1126,atom/atom
1127,imbrn/v8n
1128,koajs/koa
1129,awssat/laravel-visits
1130,angular/angular
1131,PhilJay/MPAndroidChart
1132,GoogleChromeLabs/pwacompat
1133,ReactTraining/react-router
1134,DenisKolodin/yew
1135,kubernetes/minikube
1136,lionsoul2014/ip2region
1137,iawia002/annie
1138,mitmproxy/mitmproxy
1139,TeamStuQ/skill-map
1140,soimort/you-get
1141,antonmedv/expr
1142,facebookincubator/oomd
1143,txthinking/brook
1144,Wechat-Group/weixin-java-tools
1145,reactnativecn/react-native-guide
1146,nhnent/tui.image-editor
1147,junegunn/fzf
1148,fxsjy/jieba
1149,quasarframework/quasar
1150,rafaelpadilla/Object-Detection-Metrics
1151,denysdovhan/spaceship-prompt
1152,Marak/faker.js
1153,JessYanCoding/MVPArms
1154,fatih/vim-go
1155,alecthomas/participle
1156,nuysoft/Mock
1157,facebookincubator/xar
1158,rhysd/vim.wasm
1159,resume/resume.github.com
